ticker,company,action,conviction_score,thesis_score,entry_score,entry_state,risk_tier,size_class,market_cap,years_public,analyst_count,dollar_volume_20d,trust_grade,trust_score,evidence_status,filing_count,current_price,buy_below_price,gap_to_buy_zone,bear_fair_value,base_fair_value,bull_fair_value,valuation_status,company_type,expected_cagr,base_cagr,bear_return,valuation_model_count,model_agreement,model_base_ratio,fundamental_pillar,revision_pillar,valuation_pillar,timing_pillar,quality_pillar,evidence_pillar,price_stage,price_maturity,return_6m,return_12m,distance_from_52w_high,forward_pe,next_year_eps_growth,eps_revision_30d
MU,MU,REVIEW DATA,45.8,51.2,21.3,PAST PRIMARY ENTRY / OVEREXTENDED,CORE,MEGA_CAP,1169870562929.5352,,,26805247774.236145,D,56.0,ERROR,0,1029.0,,,,,,UNRESOLVED,EARLY_STAGE_GROWTH,,,,1,,,75.0,50.0,23.3,21.3,70.8,25.0,LATE,90.0,1.44693940553742,4.240696936506449,-0.1519510903218375,,,
CVX,CVX,REVIEW DATA,57.7,50.7,89.7,EARLY / BUILDING,CORE,MEGA_CAP,414977178601.0381,,,1981748600.2840424,D,56.0,ERROR,0,211.97999572753906,,,,,,UNRESOLVED,EARLY_STAGE_GROWTH,,,,1,,,75.0,50.0,23.3,89.7,68.3,25.0,EARLY,0.68,0.13456141133172972,0.4207542320715483,-0.026587722970688676,,,
SNDK,SNDK,REVIEW DATA,45.7,50.5,23.8,RESETTING AFTER RERATING,CORE,MEGA_CAP,232611327509.83203,,,14538178072.041626,D,56.0,ERROR,0,1581.8199462890625,,,,,,UNRESOLVED,EARLY_STAGE_GROWTH,,,,1,,,75.0,50.0,23.3,23.8,67.0,25.0,LATE,80.11,0.8570974676469323,10.994387986978426,-0.3225610508398019,,,
STX,STX,REVIEW DATA,46.5,50.3,29.2,RESETTING AFTER RERATING,CORE,LARGE_CAP,176190932923.73108,,,3990482557.4136353,D,56.0,ERROR,0,783.0,,,,,,UNRESOLVED,EARLY_STAGE_GROWTH,,,,1,,,75.0,50.0,23.3,29.2,66.3,25.0,LATE,80.0,0.5573674657509093,2.5078420211199144,-0.28379375144456387,,,
WDC,WDC,REVIEW DATA,45.1,50.3,21.6,RESETTING AFTER RERATING,CORE,LARGE_CAP,147225084016.51483,,,3841959348.9323425,D,56.0,ERROR,0,397.2799987792969,,,,,,UNRESOLVED,EARLY_STAGE_GROWTH,,,,1,,,75.0,50.0,23.3,21.6,65.9,25.0,LATE,80.0,0.15710210877109376,2.283491069983341,-0.46761721027377856,,,
PLTR,PLTR,REVIEW DATA,49.6,49.9,47.9,CONFIRMED / STILL ACTIONABLE,CORE,MEGA_CAP,477679961720.979,,,4508228016.520004,D,56.0,ERROR,0,209.0500030517578,,,,,,UNRESOLVED,EARLY_STAGE_GROWTH,,,,1,,,71.5,50.0,23.3,47.9,68.7,25.0,MID,50.0,0.6324379746775113,0.13886470817274588,0.0,,,
PBR,PBR,REVIEW DATA,50.3,49.8,52.3,MATURE / WATCH ENTRY,CORE,LARGE_CAP,163042464522.63864,,,546518405.3143597,D,56.0,ERROR,0,25.299999237060547,,,,,,UNRESOLVED,EARLY_STAGE_GROWTH,,,,1,,,73.1,50.0,23.3,52.3,66.1,25.0,LATE,80.0,0.1922013617597269,1.1019878381069113,0.0,,,
NBIS,NBIS,REVIEW DATA,53.3,49.7,69.9,CONFIRMED / STILL ACTIONABLE,CORE,LARGE_CAP,59729311771.97983,,,3684720895.423813,D,56.0,ERROR,0,221.07000732421875,,,,,,UNRESOLVED,EARLY_STAGE_GROWTH,,,,1,,,74.5,50.0,23.3,69.9,63.8,25.0,MID,50.0,0.5249362313770043,0.8120492403624489,-0.2288883273165374,,,
LLY,LLY,REVIEW DATA,55.6,49.3,84.4,EARLY / BUILDING,CORE,MEGA_CAP,1042980726686.5696,,,2642123834.2303467,D,56.0,ERROR,0,1179.27001953125,,,,,,UNRESOLVED,EARLY_STAGE_GROWTH,,,,1,,,67.5,50.0,23.3,84.4,70.5,25.0,EARLY,0.0,0.257411170568453,0.4011841906308322,-0.07893992922755255,,,
TXN,TXN,REVIEW DATA,55.5,49.3,83.7,EARLY / BUILDING,CORE,MEGA_CAP,263197994253.24304,,,1564356238.8516235,D,56.0,ERROR,0,283.739990234375,,,,,,UNRESOLVED,EARLY_STAGE_GROWTH,,,,1,,,70.1,50.0,23.3,83.7,67.3,25.0,EARLY,2.27,0.33489417613580286,0.6029074963005054,-0.14170953153174282,,,
AMGN,AMGN,REVIEW DATA,57.2,49.3,93.3,EARLY / BUILDING,CORE,MEGA_CAP,220275105437.10236,,,1238226624.9876404,D,56.0,ERROR,0,414.8699951171875,,,,,,UNRESOLVED,GENERAL,,,,1,,,70.5,50.0,23.3,93.3,66.9,25.0,EARLY,0.0,0.19082359299633023,0.43880699693335123,-0.06586057894619668,,,
TSM,TSM,REVIEW DATA,56.5,48.8,91.3,EARLY / BUILDING,CORE,MEGA_CAP,2375353182564.71,,,4501073641.687164,D,56.0,ERROR,0,453.30999755859375,,,,,,UNRESOLVED,EARLY_STAGE_GROWTH,,,,1,,,65.1,50.0,23.3,91.3,71.2,25.0,EARLY,0.0,0.22604314755838995,0.5003351347245633,-0.06687935580644999,,,
INTU,INTU,REVIEW DATA,48.0,48.1,47.8,EARLY / BUILDING,CORE,LARGE_CAP,81207676984.86328,,,1128118678.6624146,D,56.0,ERROR,0,302.75,,,,,,UNRESOLVED,EARLY_STAGE_GROWTH,,,,1,,,67.4,50.0,23.3,47.8,64.5,25.0,EARLY,0.0,-0.13349550921412712,-0.5345832755502002,-0.5528283902535684,,,
AVGO,AVGO,REVIEW DATA,49.6,47.8,57.9,EARLY / BUILDING,CORE,MEGA_CAP,1719175129507.3188,,,8531689718.982849,D,56.0,ERROR,0,361.5400085449219,,,,,,UNRESOLVED,EARLY_STAGE_GROWTH,,,,1,,,60.9,50.0,23.3,57.9,71.2,25.0,EARLY,0.0,-0.025401064569567366,0.0522898272564718,-0.2480590633501386,,,
XOM,XOM,REVIEW DATA,55.1,47.4,90.5,EARLY / BUILDING,CORE,MEGA_CAP,692857165260.0,,,2164670758.5317993,D,56.0,ERROR,0,168.94000244140625,,,,,,UNRESOLVED,EARLY_STAGE_GROWTH,,,,1,,,60.6,50.0,23.3,90.5,69.5,25.0,EARLY,4.39,0.11524941999566463,0.5148041460310528,-0.008067410531981789,,,
AAPL,AAPL,REVIEW DATA,54.4,47.0,88.0,EARLY / BUILDING,CORE,MEGA_CAP,4968150951566.772,,,12667175663.871307,D,56.0,ERROR,0,336.6400146484375,,,,,,UNRESOLVED,EARLY_STAGE_GROWTH,,,,1,,,57.9,50.0,23.3,88.0,71.2,25.0,EARLY,3.4,0.2935740526706845,0.308193515043546,-0.012988514324480449,,,
ADI,ADI,REVIEW DATA,51.3,47.0,71.0,CONFIRMED / STILL ACTIONABLE,CORE,LARGE_CAP,196699655658.38654,,,1207527578.9155579,D,56.0,ERROR,0,406.19000244140625,,,,,,UNRESOLVED,EARLY_STAGE_GROWTH,,,,1,,,61.5,50.0,23.3,71.0,66.6,25.0,MID,50.0,0.16325636487946604,0.7232841309565712,-0.08819701799398516,,,
CAT,CAT,REVIEW DATA,49.8,46.5,64.9,EARLY / BUILDING,CORE,MEGA_CAP,365983949757.26056,,,1977025555.3997803,D,56.0,ERROR,0,800.469970703125,,,,,,UNRESOLVED,EARLY_STAGE_GROWTH,,,,1,,,58.2,50.0,23.3,64.9,68.0,25.0,EARLY,2.51,0.016216427312231607,0.608530785110055,-0.24692001431408395,,,
GEV,GEV,REVIEW DATA,51.1,46.4,72.1,EARLY / BUILDING,CORE,MEGA_CAP,266160457670.0653,,,2164905160.4644775,D,56.0,ERROR,0,1004.72998046875,,,,,,UNRESOLVED,EARLY_STAGE_GROWTH,,,,1,,,58.6,50.0,23.3,72.1,67.3,25.0,EARLY,2.57,0.014045283664167796,0.6100590004633144,-0.14480874913098962,,,
WSM,WSM,REVIEW DATA,54.2,46.0,91.3,EARLY / BUILDING,CORE,LARGE_CAP,28318494070.67871,,,268181491.68922424,D,56.0,ERROR,0,241.77999877929688,,,,,,UNRESOLVED,GENERAL,,,,1,,,68.8,50.0,23.3,91.3,52.4,25.0,EARLY,0.0,0.2877590231060074,0.28295109063393453,-0.03971721363286573,,,
PWR,PWR,REVIEW DATA,53.7,45.7,90.2,EARLY / BUILDING,CORE,LARGE_CAP,103034840094.0351,,,583002840.1156616,D,56.0,ERROR,0,705.9400024414062,,,,,,UNRESOLVED,EARLY_STAGE_GROWTH,,,,1,,,57.6,50.0,23.3,90.2,65.1,25.0,EARLY,1.84,0.2061771768762215,0.592898139457696,-0.10085088654972973,,,
BRK-B,BRK-B,REVIEW DATA,49.5,45.3,68.7,EARLY / BUILDING,CORE,MEGA_CAP,1094009714091.9886,,,2392352639.747772,D,56.0,ERROR,0,515.6199951171875,,,,,,UNRESOLVED,EARLY_STAGE_GROWTH,,,,1,,,51.5,50.0,23.3,68.7,70.6,25.0,EARLY,0.79,0.07443217685976466,0.031570100221891106,-0.026066238975551936,,,
MTD,MTD,REVIEW DATA,52.1,45.3,82.9,EARLY / BUILDING,CORE,LARGE_CAP,30645114745.461914,,,330629754.64660645,D,56.0,ERROR,0,1549.989990234375,,,,,,UNRESOLVED,GENERAL,,,,1,,,63.8,50.0,23.3,82.9,55.2,25.0,EARLY,6.0,0.16979492895192982,0.16669548753422436,0.0,,,
NVDA,NVDA,REVIEW DATA,52.4,44.9,86.6,EARLY / BUILDING,CORE,MEGA_CAP,5565400456832.886,,,24679611671.01425,D,56.0,ERROR,0,229.27999877929688,,,,,,UNRESOLVED,EARLY_STAGE_GROWTH,,,,1,,,49.2,50.0,23.3,86.6,71.2,25.0,EARLY,0.0,0.21691785450933443,0.21396240311023207,-0.04163186124885698,,,
